Curve,Num Threads,Num Iterations,Num Invocations,Num Constraints,Predicate Constraints,Setup Time (ms),PK Size,VK Size,Prover Time (ms),Proof Size,Verifier Time (ms)
Bls12_381,2,1,2309,655759,"{""R1CS"":3,""XXX"":655756}",65.975262166,199695426,2849,25.656786666,7306,13.818208
Bls12_381,2,1,4619,1311799,"{""R1CS"":3,""XXX"":1311796}",133.603101834,399401130,2945,47.419046542,7650,13.603875
Bls12_381,2,1,72,20451,"{""R1CS"":3,""XXX"":20448}",2.041732709,6241338,2369,1.034677542,5586,10.079042
